dOstl@mnnit.ac.in,dOstl,10
naSpr@mnnit.ac.in,naSpr,20
ancisBe@mnnit.ac.in,ancisBe,12
welHargr@mnnit.ac.in,welHargr,11
delaineNis@mnnit.ac.in,delaineNis,1
nessaHus@mnnit.ac.in,nessaHus,9
naleeLani@mnnit.ac.in,naleeLani,4
ishnaChri@mnnit.ac.in,ishnaChri,5
rylandHas@mnnit.ac.in,rylandHas,7
thPrisb@mnnit.ac.in,thPrisb,4
omiDos@mnnit.ac.in,omiDos,2
annaStor@mnnit.ac.in,annaStor,2
nceSo@mnnit.ac.in,nceSo,6
dreaWorces@mnnit.ac.in,dreaWorces,20
Pinni@mnnit.ac.in,Pinni,34